Reliance Jio Infocom Limited.,I-AS-BRPT-ENB-9061 (T.R. PHUKAN ROAD)
Reliance Jio Infocom Limited.,I-AS-BGGN-AG2-0001-A (GURUNANAKNAGAR)
Reliance Jio Infocom Limited.,I-AS-BGGN-ENB-0019 (BOTTOLOWA)
Reliance Jio Infocom Limited.,I-AS-BGGN-ENB-0025 (SATIPUR)
Reliance Jio Infocom Limited.,I-AS-BGGN-ENB-0009 (Bongaigaon)
Reliance Jio Infocom Limited.,I-AS-KOAR-ENB-9032 (Gonapara)
Reliance Jio Infocom Limited.,I-AS-GORA-ENB-9057 (SINGIMARI)
Reliance Jio Infocom Limited.,I-AS-KOAR-ENB-6003 (BISHMURI)
Reliance Jio Infocom Limited.,I-AS-BRPT-ENB-9062 (GANDHINAGAR)
Reliance Jio Infocom Limited.,I-AS-KOAR-ENB-9030 (Dhorahati)
Reliance Jio Infocom Limited.,I-AS-BRPT-ENB-9034 (SARBHOG(KALITAPARA))
Reliance Jio Infocom Limited.,I-AS-BRPT-ENB-9055 (KUZARPITH)
Reliance Jio Infocom Limited.,I-AS-BRPT-ENB-9031 (BATUWA)
Reliance Jio Infocom Limited.,I-AS-BJLI-ENB-9001 (Bamun Kuchi)
Reliance Jio Infocom Limited.,I-AS-BGGN-ENB-0023 (DHALIGAON)
Reliance Jio Infocom Limited.,I-AS-BGBR-ENB-9000 (Jati Gaon)
Reliance Jio Infocom Limited.,I-AS-BRPT-ENB-9054 (Dumuria)
Reliance Jio Infocom Limited.,I-AS-BGGN-ENB-0015 (SAL BARI PIPELINE)
Reliance Jio Infocom Limited.,I-AS-KOAR-ENB-9026 (Dangtol)
Reliance Jio Infocom Limited.,I-AS-KOAR-ENB-9029 (TINKUNIA)
Reliance Jio Infocom Limited.,I-AS-KOAR-ENB-9035 (SHIMULTABU)
Reliance Jio Infocom Limited.,I-AS-KOAR-ENB-9031 (Rimijimi Ghat)
Reliance Jio Infocom Limited.,I-AS-KOAR-ENB-9028 (Baraghar)
Reliance Jio Infocom Limited.,I-AS-BRPT-ENB-9059 (Barpeta Town Jail Road)
Reliance Jio Infocom Limited.,I-AS-BRPT-ILA-0001 (Balabhitha)
Reliance Jio Infocom Limited.,I-AS-BRPT-ENB-6004 (ISSAPURHATI)
Reliance Jio Infocom Limited.,I-AS-BGGN-ENB-0018 (DHALIGAON)
Reliance Jio Infocom Limited.,I-AS-BRPT-ENB-6026 (NAOPOTA)
Reliance Jio Infocom Limited.,I-AS-KOAR-ENB-9049 (Gosaigaon)
Reliance Jio Infocom Limited.,I-AS-KOAR-ENB-9033 (GOWABARI)
Reliance Jio Infocom Limited.,I-AS-BGGN-ENB-0017 (CHAPAGURI)
Reliance Jio Infocom Limited.,I-AS-GSSG-ILA-0001 (GOSSAIGAON ILA)
Reliance Jio Infocom Limited.,I-AS-BRRD-ENB-0003 (Beltoli)
Reliance Jio Infocom Limited.,I-AS-KRGA-ILA-0001 (KARIGAON)
Reliance Jio Infocom Limited.,I-AS-KOAR-ENB-9047 (Champa)
Reliance Jio Infocom Limited.,I-AS-KOAR-ENB-9017 (Dotma)
Reliance Jio Infocom Limited.,I-AS-BGGN-AG2-0001 (GURUNANAKNAGAR)
Reliance Jio Infocom Limited.,I-AS-BRPT-ENB-9051 (DAUDHARA)
Reliance Jio Infocom Limited.,I-AS-BGGN-ENB-0010 (GAKARIVITA)
Reliance Jio Infocom Limited.,I-AS-BRPT-ENB-9052 (ANCHALI)
Reliance Jio Infocom Limited.,I-AS-BGGN-ENB-0022 (HATIPOTA)
Reliance Jio Infocom Limited.,I-AS-BRPT-ENB-9030 (BHALUKI)
Reliance Jio Infocom Limited.,I-AS-BRPT-ENB-9002 (Barsaderi)
Reliance Jio Infocom Limited.,I-AS-BJLI-ENB-9002 (CHOUDHURY PARA)
Reliance Jio Infocom Limited.,I-AS-BGGN-ENB-0001 (Nilibari)
Reliance Jio Infocom Limited.,I-AS-GORA-ENB-9036 (Jonakibari)
Reliance Jio Infocom Limited.,I-AS-BRPT-ENB-9053 (Gargaon)
Reliance Jio Infocom Limited.,I-AS-SJNG-ENB-9001 (BAKHALGAON(north salmara)
Reliance Jio Infocom Limited.,I-AS-BINI-ENB-9003 (BHETAGAON)
Reliance Jio Infocom Limited.,JIOTROLLYDG1 (PORTABLE DG #1)
Reliance Jio Infocom Limited.,I-AS-BASK-ENB-9001 (THAMNA)
Reliance Jio Infocom Limited.,I-AS-BGGN-ENB-9001 (MAJGAON)
Reliance Jio Infocom Limited.,I-AS-BGGN-ENB-0003 (SIMLAGURI)
Reliance Jio Infocom Limited.,I-AS-KOAR-ENB-9027 (DOLAGAON)
Reliance Jio Infocom Limited.,I-AS-BGGN-ENB-0027 (KHARIJA DOLAIGAON)
Reliance Jio Infocom Limited.,I-AS-BGGN-ENB-0012 (PIPELINE ROAD)
Reliance Jio Infocom Limited.,I-AS-BGGN-ENB-0040 (HATIPUTA)
Reliance Jio Infocom Limited.,I-AS-BASK-ENB-9002 (Saraimari)
Reliance Jio Infocom Limited.,I-AS-BRPT-ENB-0001 (SUNDARDIYAHATI)
Reliance Jio Infocom Limited.,I-AS-BGGN-ENB-0024 (SOUTH CHAKEIPUR)
Reliance Jio Infocom Limited.,I-AS-JLAO-ENB-9001 (JARABARI)
Reliance Jio Infocom Limited.,I-AS-BGGN-ENB-0002 (Jhelkajhar)
Reliance Jio Infocom Limited.,I-AS-KOAR-ENB-9055 (Khargaon)
Reliance Jio Infocom Limited.,I-AS-KOAR-ENB-9077 (Titaguri)
Reliance Jio Infocom Limited.,I-AS-KOAR-ENB-9001 (BALAGAON BAZAR)
Reliance Jio Infocom Limited.,I-AS-KOAR-ENB-9076 (Narabari)
Reliance Jio Infocom Limited.,I-AS-KOAR-ENB-9079 (BAGANSALI)
Reliance Jio Infocom Limited.,I-AS-SMNR-ENB-9001 (NORTH SALMARA)
Reliance Jio Infocom Limited.,I-AS-BGGN-ENB-0028 (KISHAN BAZAR)
Reliance Jio Infocom Limited.,I-AS-KOAR-ENB-9085 (BOROBATMARI 01)
Reliance Jio Infocom Limited.,I-AS-KOAR-ENB-9080 (Bodo Bhatarmari)
Reliance Jio Infocom Limited.,I-AS-KOAR-ENB-9003 (SHYAMGAON)
Reliance Jio Infocom Limited.,I-AS-KOAR-ENB-9087 (Bodoland Bustand)
Reliance Jio Infocom Limited.,I-AS-KOAR-ENB-9034 (Haraputa)
Reliance Jio Infocom Limited.,I-AS-BRPT-ENB-9073 (KAHIBARI)
Reliance Jio Infocom Limited.,I-AS-KOAR-ENB-9053 (Bhabanipur)
Reliance Jio Infocom Limited.,I-AS-BGGN-ENB-0041 (BAGAN ROAD)
Reliance Jio Infocom Limited.,I-AS-KOAR-ENB-9082 (AUTO SOLUTION)
Reliance Jio Infocom Limited.,I-AS-DHBR-ENB-9051 (Debitola)
Reliance Jio Infocom Limited.,I-AS-BRNR-ENB-9008 (Nisuka)
Reliance Jio Infocom Limited.,I-AS-SJNG-ENB-9014 (AMBARI)
Reliance Jio Infocom Limited.,I-AS-BRPT-ENB-6036 (MADHAPUR)
Reliance Jio Infocom Limited.,I-AS-KOAR-ENB-6011 (HALTUGAON)
Reliance Jio Infocom Limited.,I-AS-BASK-ENB-9012 (Rampur)
Reliance Jio Infocom Limited.,I-AS-BGGN-ENB-0043 (NEW BONGAIGAON)
Reliance Jio Infocom Limited.,I-AS-SRTB-ENB-9011 (NALIGAON)
Reliance Jio Infocom Limited.,I-AS-SMNR-ILA-0001 (Noth Salmara)
Reliance Jio Infocom Limited.,I-AS-DOTM-ENB-9016 (ATHIBARI)
Reliance Jio Infocom Limited.,I-AS-BGRB-ENB-9013 (ANGARKATA PART 2)
Reliance Jio Infocom Limited.,I-AS-DOTM-ENB-9017 (Bhalukmari)
Reliance Jio Infocom Limited.,I-AS-BRNR-ENB-9034 (BARGHOPA)
Reliance Jio Infocom Limited.,I-AS-KLGC-ENB-9021 (KUMULIPARA)
Reliance Jio Infocom Limited.,I-AS-BGTL-ENB-9015 (KHATRIBARI)
Reliance Jio Infocom Limited.,I-AS-KOAR-ENB-9125 (AMLAIGURI (SIJUBARI))
Reliance Jio Infocom Limited.,I-AS-KOAR-ENB-9124 (Bhatipara)
Reliance Jio Infocom Limited.,I-AS-BGTL-ENB-9017 (NANGLABHANGA)
Reliance Jio Infocom Limited.,I-AS-BGBR-ENB-9025 (Jonia)
Reliance Jio Infocom Limited.,I-AS-BJLI-ENB-9007 (Bornalikuchi)
Reliance Jio Infocom Limited.,I-AS-BJLI-ENB-9008 (JALAKHATA)
Reliance Jio Infocom Limited.,I-AS-BINI-ENB-9044 (SALABLE PART- 3)
Reliance Jio Infocom Limited.,I-AS-BGTL-ENB-9018 (Aojharguri)
Reliance Jio Infocom Limited.,I-AS-BGGN-ENB-9014 (Chaprakata)
Reliance Jio Infocom Limited.,I-AS-BGGN-ENB-9015 (Saljhora)
Reliance Jio Infocom Limited.,I-AS-KOAR-ENB-9114 (2 NO. Mourabari)
Reliance Jio Infocom Limited.,I-AS-SJNG-ENB-9029 (GOALPARA PART 3)
Reliance Jio Infocom Limited.,I-AS-BINI-ENB-9043 (Purana Bijni)
Reliance Jio Infocom Limited.,I-AS-BINI-ENB-9042 (Gerukabari)
Reliance Jio Infocom Limited.,I-AS-PTSL-ENB-9002 (Rupnagarÿ W.No. 02)
Reliance Jio Infocom Limited.,I-AS-KOAR-ENB-9118 (Maligaon )
Reliance Jio Infocom Limited.,I-AS-BIRA-ENB-9028 (HARALTARI)
Reliance Jio Infocom Limited.,I-AS-KOAR-ENB-6021 (PANBARI)
Reliance Jio Infocom Limited.,I-AS-BGBR-ENB-9027 (Jadhabpur)
Reliance Jio Infocom Limited.,I-AS-KOAR-ENB-9120 (Bijay Gaon)
Reliance Jio Infocom Limited.,I-AS-KOAR-ENB-6001 (AMINKATA)
Reliance Jio Infocom Limited.,I-AS-SRPO-ENB-9016 (Bharegaon)
Reliance Jio Infocom Limited.,I-AS-KOAR-ENB-9123 (Ghoramara)
Reliance Jio Infocom Limited.,I-AS-BRPT-ENB-9080 (Dalagaon)
Reliance Jio Infocom Limited.,I-AS-SRPO-ENB-9017 (Dulur Pathar)
Reliance Jio Infocom Limited.,I-AS-CAPO-ENB-9010 (Boro Golam )
Reliance Jio Infocom Limited.,I-AS-SJNG-ENB-9031 (Bhuyanpara)
Reliance Jio Infocom Limited.,I-AS-BJLI-ENB-9005 (BARBHOG)
Reliance Jio Infocom Limited.,I-AS-BRPT-ENB-6017 (JANATA BAZAR)
Reliance Jio Infocom Limited.,I-AS-BRRD-ENB-9008 (BELTOLA)
Reliance Jio Infocom Limited.,I-AS-BGTL-ENB-9016 (Deosiri )
Reliance Jio Infocom Limited.,I-AS-BINI-ENB-9053 (Pachala Bari)
Reliance Jio Infocom Limited.,I-AS-GSSG-ENB-9023 (Borobada)
Reliance Jio Infocom Limited.,I-AS-SJNG-ENB-9016 (Haripuri)
Reliance Jio Infocom Limited.,I-AS-BWRG-ENB-9009 (Khagribari Part 1)
Reliance Jio Infocom Limited.,I-AS-KOAR-ENB-9115 ( Chata Adabari)
Reliance Jio Infocom Limited.,I-AS-BIRA-ENB-9009 (Simlabari)
Reliance Jio Infocom Limited.,I-AS-BGGN-ENB-0053 ( Near Namghar)
Reliance Jio Infocom Limited.,I-AS-BRPT-ENB-6018 (Chaorasor)
Reliance Jio Infocom Limited.,I-AS-KOAR-ENB-9116 (Habrubari)
Reliance Jio Infocom Limited.,I-AS-BGBR-ENB-9039 (Medhirtary)
Reliance Jio Infocom Limited.,I-AS-PTSL-ENB-9004 (Santipur Pathsala)
Reliance Jio Infocom Limited.,I-AS-SJNG-ENB-9039 (Kolgachiya)
Reliance Jio Infocom Limited.,I-AS-BINI-ENB-9079 (NO 3 DAKSHIN MAKRA)
Reliance Jio Infocom Limited.,I-AS-BINI-ENB-9057 (PATILADAHA)
Reliance Jio Infocom Limited.,I-AS-BINI-ENB-9059 (NO 1 DONGSIAPARA)
Reliance Jio Infocom Limited.,I-AS-JLAO-ENB-9017 (Pub Anchali)
Reliance Jio Infocom Limited.,I-AS-BRNR-ENB-9039 (Bokriguri)
Reliance Jio Infocom Limited.,I-AS-SJNG-ENB-9042 (Nasatra)
Reliance Jio Infocom Limited.,I-AS-BINI-ENB-9056 (Kolbari)
Reliance Jio Infocom Limited.,I-AS-BINI-ENB-9069 (Suliakata)
Reliance Jio Infocom Limited.,I-AS-BINI-ENB-9062 (Dhuturi)
Reliance Jio Infocom Limited.,I-AS-BRPT-ENB-9097 (Palhaji)
Reliance Jio Infocom Limited.,I-AS-SJNG-ENB-9038 (Katripara)
Reliance Jio Infocom Limited.,I-AS-BRPT-ENB-9094 (Kuriha )
Reliance Jio Infocom Limited.,I-AS-SJNG-ENB-9044 (Kokila Nayapara)
Reliance Jio Infocom Limited.,I-AS-SJNG-ENB-9034 (Namberpara Pt-1)
Reliance Jio Infocom Limited.,I-AS-SRBG-ENB-9002 (Sorbhog Town ward No. 04)
Reliance Jio Infocom Limited.,I-AS-KLGC-ENB-9032 (Titapani)
Reliance Jio Infocom Limited.,I-AS-JLAO-ENB-9026 (Jarobori Bokua )
Reliance Jio Infocom Limited.,I-AS-BGTL-ENB-9011 (Borpathar)
Reliance Jio Infocom Limited.,I-AS-KLGC-ENB-9031 (Balagaon)
Reliance Jio Infocom Limited.,I-AS-BINI-ENB-9075 (Supariguri Part-I)
Reliance Jio Infocom Limited.,I-AS-BRNR-ENB-9046 (Sonbari)
Reliance Jio Infocom Limited.,I-AS-BINI-ENB-9074 (Gargaon)
Reliance Jio Infocom Limited.,I-AS-JLAO-ENB-9020 (Jalahgaon)
Reliance Jio Infocom Limited.,I-AS-GSSG-ENB-9021 (College Road)
Reliance Jio Infocom Limited.,I-AS-SJNG-ENB-9048 (Haldhia Gaon )
Reliance Jio Infocom Limited.,I-AS-BRNR-ENB-9036 (Gomura)
Reliance Jio Infocom Limited.,I-AS-BRNR-ENB-9040 (Saruharid (sarbhog))
Reliance Jio Infocom Limited.,I-AS-SRTB-ENB-9019 ( Hatirtari )
Reliance Jio Infocom Limited.,I-AS-BGBR-ENB-9038 (Charakpara)
Reliance Jio Infocom Limited.,I-AS-BGBR-ENB-9032 (Gobindapur)
Reliance Jio Infocom Limited.,I-AS-JLAO-ENB-9021 (Fulorguri)
Reliance Jio Infocom Limited.,I-AS-BGBR-ENB-0001 ( Bheragaon)
Reliance Jio Infocom Limited.,I-AS-SDLO-ENB-9018 (Bamuntila)
Reliance Jio Infocom Limited.,I-AS-BGGN-ENB-9023 (Ghilaguri Part-2)
Reliance Jio Infocom Limited.,I-AS-BTMR-ENB-9023 (Sakomura Part-1 )
Reliance Jio Infocom Limited.,I-AS-BINI-ENB-9065 (Patiladoha )
Reliance Jio Infocom Limited.,I-AS-BGGN-ENB-9021 (Karchidoba)
Reliance Jio Infocom Limited.,I-AS-BINI-ENB-9066 (Patiladoha Baripara)
Reliance Jio Infocom Limited.,I-AS-BINI-ENB-9082 (No. 1 Uttarpara (Batabari))
Reliance Jio Infocom Limited.,I-AS-SDLO-ENB-9017 (Digdari Kakragaon)
Reliance Jio Infocom Limited.,I-AS-BGTL-ENB-9022 (Paschimhamla gaon)
Reliance Jio Infocom Limited.,I-AS-BASK-ENB-9018 (Cherabori)
Reliance Jio Infocom Limited.,I-AS-BCDW-ENB-9001 (Nityananda)
Reliance Jio Infocom Limited.,I-AS-BGTL-ENB-9021 (Anthaibari)
Reliance Jio Infocom Limited.,I-AS-SJNG-ENB-9041 (Behulapara)
Reliance Jio Infocom Limited.,I-AS-BGGN-ENB-0069 (Bartolowa)
Reliance Jio Infocom Limited.,I-AS-KJLG-ENB-9002 (Rajajan)
Reliance Jio Infocom Limited.,I-AS-SDLO-ENB-9021 (Nayabasti)
Reliance Jio Infocom Limited.,I-AS-BGGN-ENB-9026 (Popragaon)
Reliance Jio Infocom Limited.,I-AS-BGGN-ENB-9025 (No 1 Garogaon)
Reliance Jio Infocom Limited.,I-AS-BRPT-ENB-9098 (Shila)
Reliance Jio Infocom Limited.,I-AS-BINI-ENB-9055 (Bijni)
Reliance Jio Infocom Limited.,I-AS-BINI-ENB-9063 (Kawatika)
Reliance Jio Infocom Limited.,I-AS-BRPT-ENB-9102 (Chakirbhita)
Reliance Jio Infocom Limited.,I-AS-BRPT-ENB-9096 (Howly Town)
Reliance Jio Infocom Limited.,I-AS-SJNG-ENB-9047 (North khoragaon pt-I)
Reliance Jio Infocom Limited.,I-AS-GSSG-ENB-9058 (Rajendrapur)
Reliance Jio Infocom Limited.,I-AS-JLAO-ENB-9023 (Tukrakuchi)
Reliance Jio Infocom Limited.,I-AS-GSSG-ENB-9053 (Gokulkata No.2)
Reliance Jio Infocom Limited.,I-AS-DOTM-ENB-9025 (Dotma Chariali)
Reliance Jio Infocom Limited.,I-AS-SJNG-ENB-9046 (Melagarh P 4)
Reliance Jio Infocom Limited.,I-AS-BRNR-ENB-9049 (Bhakuamari )
Reliance Jio Infocom Limited.,I-AS-BRNR-ENB-9044 (Bhulukadoba)
Reliance Jio Infocom Limited.,I-AS-BRPT-ENB-9100 (Jarabari )
Reliance Jio Infocom Limited.,I-AS-SRTB-ENB-9016 (JASHODAR PAM)
Reliance Jio Infocom Limited.,I-AS-BGBR-ENB-9035 (MANDIA PATHAR)
Reliance Jio Infocom Limited.,I-AS-BRPT-ENB-9090 (BHOIRAGURI)
Reliance Jio Infocom Limited.,I-AS-CHNG-ENB-9014 (CHENGA)
Reliance Jio Infocom Limited.,I-AS-SJNG-ENB-9037 (BAREGARH)
Reliance Jio Infocom Limited.,I-AS-ABYP-ENB-9006 (BAMUNGAON PT-II )
Reliance Jio Infocom Limited.,I-AS-BDZJ-ENB-9002 (KOREYA PAHAR)
Reliance Jio Infocom Limited.,I-AS-BRNR-ENB-9041 (KHAYRBARI)
Reliance Jio Infocom Limited.,I-AS-BRPT-ENB-9095 (MAIRAMARA)
Reliance Jio Infocom Limited.,I-AS-BJLI-ENB-9010 (NIMUA)
Reliance Jio Infocom Limited.,I-AS-BINI-ENB-9064 (CHOTOLAOGAON)
Reliance Jio Infocom Limited.,I-AS-BGBR-ENB-9036 (1 NO. WARDLANI)
Reliance Jio Infocom Limited.,I-AS-BGBR-ENB-9037 (SATRAKANA)
Reliance Jio Infocom Limited.,I-AS-BGGN-ENB-0070 (BORPATHAR)
Reliance Jio Infocom Limited.,I-AS-BGGN-ENB-9018 (POLASHGURI)
Reliance Jio Infocom Limited.,I-AS-JLAO-ENB-9025 (1 No. Koklabari)
Reliance Jio Infocom Limited.,I-AS-BRPT-ENB-9091 (Dangarkuchi )
Reliance Jio Infocom Limited.,I-AS-BOHR-ENB-9002 (Niz Bohari )
Reliance Jio Infocom Limited.,I-AS-CHNG-ENB-9017 (CHENGA)
Reliance Jio Infocom Limited.,I-AS-BRNR-ENB-9016 (BRNR-916)
Reliance Jio Infocom Limited.,I-AS-BTMR-ENB-9016 (Haripur)
Reliance Jio Infocom Limited.,I-AS-BASK-ENB-9019 (Koliyagaon)
Reliance Jio Infocom Limited.,I-AS-BINI-ENB-9058 (3 NO. LAKHIJHORA)
Reliance Jio Infocom Limited.,I-AS-BINI-ENB-9081 (Koliyagaon)
Reliance Jio Infocom Limited.,I-AS-JLAO-ENB-9024 (Pub-Kathalmuri)
Reliance Jio Infocom Limited.,I-AS-JLAO-ENB-9018 (Pub Khagrabari)
Reliance Jio Infocom Limited.,I-AS-BINI-ENB-9073 (Shishubari pt-I)
Reliance Jio Infocom Limited.,I-AS-BINI-ENB-9080 (Dahaladand No 2)
Reliance Jio Infocom Limited.,I-AS-BASK-ENB-9021 (Geruapara)
Reliance Jio Infocom Limited.,I-AS-MSHL-ENB-9001 (Ambari )
Reliance Jio Infocom Limited.,I-AS-SRPO-ENB-9023 (Kathalagaon)
Reliance Jio Infocom Limited.,I-AS-KOAR-ENB-9133 (Basugaon (Rajacharang) )
Reliance Jio Infocom Limited.,I-AS-GSSG-ENB-9052 (1 Khayerghutu)
Reliance Jio Infocom Limited.,I-AS-BRNR-ENB-9001 (Katajar Pathar)
Reliance Jio Infocom Limited.,I-AS-GSSG-ENB-9050 (Dalgaon No. 2)
Reliance Jio Infocom Limited.,I-AS-CHNG-ENB-9016 (Bamunbari)
Reliance Jio Infocom Limited.,I-AS-BRNR-ENB-9048 (Jamugaon)
Reliance Jio Infocom Limited.,I-AS-SJNG-ENB-9043 (Janermukh )
Reliance Jio Infocom Limited.,I-AS-KOAR-ENB-9136 (Besorgaon)
Reliance Jio Infocom Limited.,I-AS-JLAO-ENB-9027 (Golagaon )
Reliance Jio Infocom Limited.,I-AS-BINI-ENB-9070 (Bedlang khaili )
Reliance Jio Infocom Limited.,I-AS-BGGN-ENB-0068 (Ward No. 17 )
Reliance Jio Infocom Limited.,I-AS-BGPR-ENB-9013 (Chaulkara (Nayapara))
Reliance Jio Infocom Limited.,I-AS-BRPT-ENB-0013 (Sundardiya )
Reliance Jio Infocom Limited.,I-AS-BJLI-ENB-9011 (Dharamtola )
Reliance Jio Infocom Limited.,I-AS-SRTB-ENB-9018 (Kawaimari Block 12)
Reliance Jio Infocom Limited.,I-AS-BGGN-ENB-0054 (Salbari Ward No. 12)
Reliance Jio Infocom Limited.,I-AS-BASK-ENB-9022 (Katahbari )
Reliance Jio Infocom Limited.,I-AS-BINI-ENB-9061 (Norbidongi)
Reliance Jio Infocom Limited.,I-AS-SRTB-ENB-9013 (Kalatoli)
Reliance Jio Infocom Limited.,I-AS-PTSL-ENB-9007 (Jyoti Nagar)
Reliance Jio Infocom Limited.,I-AS-BRPT-ENB-9101 (Kaljar)
Reliance Jio Infocom Limited.,I-AS-GSSG-ENB-9055 (Bherberi)
Reliance Jio Infocom Limited.,I-AS-SRPO-ENB-9025 (Madhupur )
Reliance Jio Infocom Limited.,I-AS-KLGC-ENB-9034 (Bortari)
Reliance Jio Infocom Limited.,I-AS-TIHU-ENB-9010 (Niz Namati)
Reliance Jio Infocom Limited.,I-AS-SRTB-ENB-9014 (Newlar Bhitha)
Reliance Jio Infocom Limited.,I-AS-BGGN-ENB-0050 (Dolaigaon)
Reliance Jio Infocom Limited.,I-AS-BINI-AG1-9003 (WARD NO.1)
Reliance Jio Infocom Limited.,I-AS-SRPO-ENB-9024 (Kordaiguri)
Reliance Jio Infocom Limited.,I-AS-BGRB-ENB-9019 (Rajapara pt-2)
Reliance Jio Infocom Limited.,I-AS-BWIR-ENB-9001 (Dakshinhati)
Reliance Jio Infocom Limited.,I-AS-SDLO-ENB-9009 (KAJALGAON)
Reliance Jio Infocom Limited.,I-AS-KOAR-ENB-9144 (GOURANGTARI)
Reliance Jio Infocom Limited.,I-AS-PTSL-ENB-9006 (MUNGURIA)
Reliance Jio Infocom Limited.,I-AS-BINI-ENB-9084 (PUB MAKRA)
Reliance Jio Infocom Limited.,I-AS-BWRG-ENB-9014 (BHELAKOBA)
Reliance Jio Infocom Limited.,I-AS-SJNG-ENB-9051 (BHANDRA NO.1)
Reliance Jio Infocom Limited.,I-AS-JLAO-ENB-9028 (NOWASALI)
Reliance Jio Infocom Limited.,I-AS-BIRA-ENB-9047 (KHUDIGAON)
Reliance Jio Infocom Limited.,I-AS-GSSG-ENB-9066 (Khoksaguri No. 1)
Reliance Jio Infocom Limited.,I-AS-CHNG-ENB-9015 ( Sonartary)
Reliance Jio Infocom Limited.,I-AS-DOTM-ENB-9028 (Duramari )
Reliance Jio Infocom Limited.,I-AS-GSSG-ENB-9056 (HARIPUR)
Reliance Jio Infocom Limited.,I-AS-BRPT-ENB-6032 (ROHA)
Reliance Jio Infocom Limited.,I-AS-KLGC-ENB-9037 (PAGLABAZAR)
Reliance Jio Infocom Limited.,I-AS-JALH-ILA-0001 (JALAH)
Reliance Jio Infocom Limited.,I-AS-BRNR-ENB-9052 (Moinamata)
Reliance Jio Infocom Limited.,I-AS-BRNR-ENB-9056 (BILASHIPARA BAZAR)
Reliance Jio Infocom Limited.,I-AS-BRPT-ENB-9104 (ITERVITA)
Reliance Jio Infocom Limited.,I-AS-KOAR-ENB-9135 (MAGURMARI)
Reliance Jio Infocom Limited.,I-AS-PDMI-ENB-9001 (PADMABIL)
Reliance Jio Infocom Limited.,I-AS-BGBR-ENB-9046 (GOPALPUR)
Reliance Jio Infocom Limited.,I-AS-HATS-ENB-9003 (NAGARJHAR)
Reliance Jio Infocom Limited.,I-AS-GSSG-ENB-9072 (BHOMRANILL NO.2)
Reliance Jio Infocom Limited.,I-AS-BRPT-ENB-9106 (Radhakuchi)
Reliance Jio Infocom Limited.,I-AS-BRNR-ENB-9053 (Ujan bahbari)
Reliance Jio Infocom Limited.,I-AS-SRPO-ENB-9027 (Roumari)
Reliance Jio Infocom Limited.,I-AS-BRNR-ENB-9059 (Barengabari)
Reliance Jio Infocom Limited.,"I-AS-GSSG-ENB-9074 (Janali gaon,)"
Reliance Jio Infocom Limited.,I-AS-BGRB-ENB-9045 (Bongshijhora)
Reliance Jio Infocom Limited.,I-AS-BTMR-ENB-9026 (Pub Sedamari)
Reliance Jio Infocom Limited.,#REF!
Reliance Jio Infocom Limited.,#REF!
Reliance Jio Infocom Limited.,#REF!
Reliance Jio Infocom Limited.,#REF!
Reliance Jio Infocom Limited.,#REF!
Reliance Jio Infocom Limited.,#REF!
Reliance Jio Infocom Limited.,#REF!
Reliance Jio Infocom Limited.,#REF!
Reliance Jio Infocom Limited.,I-AS-SRTB-ENB-9025 (Amdah)
Reliance Jio Infocom Limited.,I-AS-BRPT-ENB-9108 (Karagari Gaon)
Reliance Jio Infocom Limited.,I-AS-BRNR-ENB-9060 (Kajiamati)
Reliance Jio Infocom Limited.,I-AS-BGGN-ENB-9028 (Chiponsila)
Reliance Jio Infocom Limited.,I-AS-KLGC-ENB-9039 (Gunialguri)
Reliance Jio Infocom Limited.,I-AS-BGTL-ENB-9025 (Nizalaguri)
Reliance Jio Infocom Limited.,I-AS-BINI-ENB-9088 (2 No. Goromari)
Reliance Jio Infocom Limited.,I-AS-KLGC-ENB-9041 (Khudrakuchi)
Reliance Jio Infocom Limited.,I-AS-BRNR-ENB-9058 (Mayangpara colony)
Reliance Jio Infocom Limited.,I-AS-SJNG-ENB-9061 (Barjana)
Reliance Jio Infocom Limited.,I-AS-BRPT-ENB-9105 (KALJHAR)
Reliance Jio Infocom Limited.,I-AS-BINI-ENB-9090 (1 No charagaon)
Reliance Jio Infocom Limited.,I-AS-BJLI-ENB-9013 (uttar pipla)
Reliance Jio Infocom Limited.,I-AS-BWRG-ENB-9015 (Harbhanga Gossaigain)
Reliance Jio Infocom Limited.,"I-AS-BASK-ENB-9024 (Lakhipara, A Block)"
Reliance Jio Infocom Limited.,I-AS-CHNG-ENB-9021 (Musolman Para)
Reliance Jio Infocom Limited.,I-AS-PDMI-ENB-9002 (Ward No no-4)
Reliance Jio Infocom Limited.,I-AS-BTMR-ENB-9027 (Gaspara)
Reliance Jio Infocom Limited.,I-AS-BRNR-ENB-9057 (Guagacha)
Reliance Jio Infocom Limited.,I-AS-SRTB-ENB-9023 (Bagona)
Reliance Jio Infocom Limited.,I-AS-BGTL-ENB-9028 (Narenguri)
